index,access_code,access_days_time,access_detail_code,cards_accepted,date_last_confirmed,expected_date,fuel_type_code,groups_with_access_code,id,open_date,owner_type_code,status_code,station_name,station_phone,updated_at,facility_type,geocode_status,latitude,longitude,city,intersection_directions,plus4,state,street_address,zip,country,ev_connector_types,ev_dc_fast_num,ev_level1_evse_num,ev_level2_evse_num,ev_network,ev_network_web,ev_other_evse,ev_pricing,ev_renewable_source,ev_network_ids,federal_agency
0,public,Dealership business hours,CALL,,2020-06-09,,ELEC,Public - Call ahead,40066,2011-03-15,P,E,Modern Nissan - Concord,704-788-2110,2020-06-09T16:47:26Z,CAR_DEALER,200-9,35.392063,-80.622777,Concord,,,NC,967 Concord Pkwy S,28027,US,"['CHADEMO', 'J1772']",1,,1.0,Non-Networked,,,Free,,,
1,public,Dealership business hours,CALL,,2020-06-09,,ELEC,Public - Call ahead,40067,2011-03-15,P,E,Fred Anderson Nissan,910-758-2338,2020-06-09T16:47:26Z,CAR_DEALER,200-9,35.042419,-78.956747,Fayetteville,,,NC,4559 Raeford Rd,28304,US,"['CHADEMO', 'J1772']",1,,1.0,Non-Networked,,,Free,,,
2,public,Dealership business hours,CALL,,2020-06-09,,ELEC,Public - Call ahead,43876,2011-04-01,P,E,Carolina Nissan,336-584-0201,2020-06-09T16:47:26Z,CAR_DEALER,200-9,36.063557,-79.503697,Burlington,,,NC,1329 Huffman Mill Rd,27215,US,"['CHADEMO', 'J1772']",1,,2.0,Non-Networked,,,Free,,,
3,public,Dealership business hours,CALL,,2020-06-09,,ELEC,Public - Call ahead,46407,2011-08-01,P,E,Michael Jordan Nissan,919-489-3800,2020-06-09T16:47:26Z,CAR_DEALER,GPS,35.9705175060388,-78.9568475865082,Durham,,,NC,3930 Chapel Hill Blvd,27707,US,"['CHADEMO', 'J1772']",1,,2.0,Non-Networked,,,Free,,,
4,public,Dealership business hours; 704-867-0000,CALL,,2020-06-09,,ELEC,Public - Call ahead,46998,2012-01-31,P,E,Gastonia Nissan,,2020-06-09T16:47:26Z,CAR_DEALER,GPS,35.261109,-81.139708,Gastonia,,,NC,2755 E Franklin Blvd,28054,US,"['CHADEMO', 'J1772']",1,,1.0,Non-Networked,,,Free,,,
5,public,Dealership business hours; contact 336-292-9191 for more information,CALL,,2020-06-09,,ELEC,Public - Call ahead,47003,2012-01-31,P,E,Crown Nissan,,2020-06-09T16:47:26Z,CAR_DEALER,GPS,36.060613,-79.876505,Greensboro,,,NC,3900 W Wendover Ave,27407,US,"['CHADEMO', 'J1772']",1,,1.0,Non-Networked,,,Free,,,
6,public,Dealership business hours,CALL,,2020-06-09,,ELEC,Public - Call ahead,47005,2012-01-31,P,E,Greenville Nissan,252-756-1738,2020-06-09T16:47:26Z,CAR_DEALER,200-9,35.571982,-77.408327,Greenville,,,NC,991 Greenville Blvd SW,27834,US,"['CHADEMO', 'J1772']",1,,1.0,Non-Networked,,,Free,,,
7,public,Dealership business hours,CALL,,2020-06-09,,ELEC,Public - Call ahead,47010,2012-01-31,P,E,Modern Nissan - Hickory,828-324-5040,2020-06-09T16:47:26Z,CAR_DEALER,GPS,35.710136,-81.321182,Hickory,,,NC,840 US Highway 70 SE,28602,US,"['CHADEMO', 'J1772']",1,,2.0,Non-Networked,,,Free,,,
8,public,Dealership business hours,CALL,,2020-06-09,,ELEC,Public - Call ahead,47032,2012-01-31,P,E,Ben Mynatt Nissan,704-633-7270,2020-06-09T16:47:26Z,CAR_DEALER,200-9,35.644549,-80.488272,Salisbury,,,NC,629 Jake Alexander Blvd S,28147,US,"['CHADEMO', 'J1772']",1,,1.0,Non-Networked,,,Free,,,
9,public,Dealership business hours,CALL,,2020-06-09,,ELEC,Public - Call ahead,47034,2012-01-31,P,E,Classic Nissan - Sanford,919-775-2351,2020-06-09T16:47:26Z,CAR_DEALER,200-9,35.44411,-79.1282,Sanford,,,NC,3305 NC Highway 87 S,27332,US,"['CHADEMO', 'J1772']",1,,1.0,Non-Networked,,,Free,,,
10,public,Dealership business hours,CALL,,2020-06-09,,ELEC,Public - Call ahead,47040,2012-01-31,P,E,Crossroads Nissan - Wake Forest,919-435-5700,2020-06-09T16:47:26Z,CAR_DEALER,200-8,35.948971,-78.539171,Wake Forest,,,NC,11120 Capital Blvd,27587,US,"['CHADEMO', 'J1772']",1,,1.0,Non-Networked,,,Free,,,
11,public,Dealership business hours,CALL,,2020-06-09,,ELEC,Public - Call ahead,47046,2012-01-31,P,E,Lee Nissan,252-237-4400,2020-06-09T16:47:26Z,CAR_DEALER,GPS,35.756003,-77.9753,Wilson,,,NC,4170 Raleigh Rd Pkwy,27896,US,"['CHADEMO', 'J1772']",1,,1.0,Non-Networked,,,Free,,,
12,public,Dealership business hours,CALL,,2020-06-09,,ELEC,Public - Call ahead,47048,2012-01-31,P,E,Modern Nissan,336-767-8260,2020-06-09T16:47:26Z,CAR_DEALER,200-9,36.179741,-80.275364,Winston-Salem,,,NC,5795 University Pkwy,27105,US,"['CHADEMO', 'J1772']",1,,1.0,Non-Networked,,,Free,,,
13,public,Dealership business hours,CALL,,2020-06-09,,ELEC,Public - Call ahead,47123,2012-01-31,P,E,Modern Nissan - Lake Norman,704-237-5100,2020-06-09T16:47:26Z,CAR_DEALER,200-8,35.467117,-80.872205,Cornelius,,,NC,18615 Statesville Rd,28031,US,"['CHADEMO', 'J1772']",1,,1.0,Non-Networked,,,Free,,,
14,public,Dealership business hours,CALL,,2020-06-09,,ELEC,Public - Call ahead,47192,2012-01-31,P,E,Leith Nissan,919-589-0029,2020-06-09T16:47:26Z,CAR_DEALER,GPS,35.7390019,-78.8138134,Cary,,,NC,2100 Auto Park Blvd,27511,US,"['CHADEMO', 'J1772']",1,,1.0,Non-Networked,,,Free,,,
15,public,Dealership business hours,CALL,,2020-06-09,,ELEC,Public - Call ahead,61410,2014-02-01,P,E,Fred Anderson Nissan,919-324-3443,2020-06-09T16:47:26Z,CAR_DEALER,200-9,35.896757,-78.760671,Raleigh,,,NC,9225 Glenwood Ave,27617,US,"['CHADEMO', 'J1772']",1,,1.0,Non-Networked,,,Free,,,
16,public,9am-5pm M-F,CALL,,2019-11-08,,ELEC,Public - Call ahead,61530,2014-03-07,P,E,Alphainstall.com Building,774-257-4246,2020-01-21T18:34:38Z,OFFICE_BLDG,GPS,35.729727,-79.176032,Pittsboro,"On Highway 15-501 and Hillsboro Street, near the intersection with Highway 64.",,NC,697 Hillsboro St,27312,US,['CHADEMO'],1,,,Non-Networked,,,Free,SOLAR,,
17,public,24 hours daily,,,2019-10-04,,ELEC,Public,61816,2014-05-12,P,E,Town of Apex - Saunders Street Parking Lot,919-249-3400,2020-09-14T21:22:03Z,PARKING_LOT,200-9,35.732341,-78.851993,Apex,Located across the street from the Apex Police Department,,NC,112 Saunders St,25702,US,"['CHADEMO', 'J1772']",1,,1.0,Non-Networked,,,Free,,,
18,public,24 hours daily; see FREEDM Reception desk for parking permit,,,2019-10-04,,ELEC,Public,64755,2011-10-31,SG,E,North Carolina State University - Keystone Science Center,919-513-3334,2020-01-21T18:34:38Z,COLLEGE_CAMPUS,200-9,35.774673,-78.677792,Raleigh,,,NC,1791 Varsity Dr,27606,US,"['CHADEMO', 'J1772']",1,,2.0,Non-Networked,,,Free,SOLAR,,
19,public,24 hours daily,,,2020-03-03,,ELEC,Public,76881,2014-08-01,P,E,Caromont Regional Medical Center,704-834-2000,2020-03-03T21:13:47Z,HOSPITAL,GPS,35.27153,-81.141587,Gastonia,Located in the visitor parking garage,,NC,2525 Court Dr,28054,US,['CHADEMO'],1,,,Non-Networked,,,Free,,,
20,public,24 hours daily,KEY_ALWAYS,,2020-10-14,,ELEC,Public - Card key at all times,93357,,,E,Hyatt Place Durham Southpoint,877-455-3833,2020-10-14T10:16:05Z,,GPS,35.900384,-78.961132,Durham,,,NC,7840 NC Highway 751,27713,US,"['CHADEMO', 'J1772COMBO']",1,,,eVgo Network,https://www.evgo.com/,,,,"{'station': ['599'], 'posts': ['1137']}",
21,public,24 hours daily,KEY_ALWAYS,,2020-10-14,,ELEC,Public - Card key at all times,93358,,,E,Courtyard Marriot,877-455-3833,2020-10-14T10:16:05Z,,GPS,35.83511,-78.673878,Raleigh,,,NC,3908 Arrow Dr,27612,US,"['CHADEMO', 'J1772COMBO']",1,,,eVgo Network,https://www.evgo.com/,,,,"{'station': ['598'], 'posts': ['1139']}",
22,public,24 hours daily,KEY_ALWAYS,,2020-10-14,,ELEC,Public - Card key at all times,93359,,,E,Sheetz,877-455-3833,2020-10-14T10:16:05Z,,GPS,35.855509,-78.795704,Morrisville,,,NC,1600 Aviation Pkwy,27560,US,"['CHADEMO', 'J1772COMBO']",1,,,eVgo Network,https://www.evgo.com/,,,,"{'station': ['660'], 'posts': ['1141']}",
23,public,24 hours daily,KEY_ALWAYS,,2020-10-14,,ELEC,Public - Card key at all times,93360,,,E,Sheetz,877-455-3833,2020-10-14T10:16:05Z,,GPS,35.789742,-78.739027,Raleigh,,,NC,600 Corporate Center Dr,27607,US,"['CHADEMO', 'J1772COMBO']",1,,,eVgo Network,https://www.evgo.com/,,,,"{'station': ['661'], 'posts': ['1143']}",
24,public,24 hours daily,KEY_ALWAYS,,2020-10-14,,ELEC,Public - Card key at all times,93361,,,E,Sheetz,877-455-3833,2020-10-14T10:16:05Z,,GPS,35.860412,-78.89456,Cary,,,NC,4010 CONVENIENCE LN,27519,US,"['CHADEMO', 'J1772COMBO']",1,,,eVgo Network,https://www.evgo.com/,,,,"{'station': ['659'], 'posts': ['1145']}",
25,public,24 hours daily,KEY_ALWAYS,,2020-10-14,,ELEC,Public - Card key at all times,93387,,,E,Asheville Outlet Mall,877-455-3833,2020-10-14T10:16:05Z,,GPS,35.529573,-82.601858,Asheville,,,NC,800 Brevard Rd,28806,US,"['CHADEMO', 'J1772COMBO']",2,,,eVgo Network,https://www.evgo.com/,,,,"{'station': ['744'], 'posts': ['1209', '1213']}",
26,public,24 hours daily,KEY_ALWAYS,,2020-10-14,,ELEC,Public - Card key at all times,93388,,,E,Biltmore Park Town Square,877-455-3833,2020-10-14T10:16:05Z,,GPS,35.48404,-82.55774,Asheville,,,NC,1 Town Square Blvd,28803,US,"['CHADEMO', 'J1772COMBO']",1,,,eVgo Network,https://www.evgo.com/,,,,"{'station': ['743'], 'posts': ['1211']}",
27,public,24 hours daily,KEY_ALWAYS,,2020-10-14,,ELEC,Public - Card key at all times,93397,,,E,BP,877-455-3833,2020-10-14T10:16:05Z,,GPS,35.05452,-80.84605,Charlotte,,,NC,9935 Ballantyne Commons Pkwy,28277,US,"['CHADEMO', 'J1772COMBO']",1,,,eVgo Network,https://www.evgo.com/,,,,"{'station': ['711'], 'posts': ['1233']}",
28,public,24 hours daily,KEY_ALWAYS,,2020-10-14,,ELEC,Public - Card key at all times,93398,,,E,BP,877-455-3833,2020-10-14T10:16:05Z,,GPS,35.16246,-80.96855,Charlotte,,,NC,9311 Steele Creek Rd,28273,US,"['CHADEMO', 'J1772COMBO']",1,,,eVgo Network,https://www.evgo.com/,,,,"{'station': ['710'], 'posts': ['1235']}",
29,public,24 hours daily,KEY_ALWAYS,,2020-10-14,,ELEC,Public - Card key at all times,93399,,,E,Earp's Express,877-455-3833,2020-10-14T10:16:05Z,,GPS,35.171108,-80.661253,Charlotte,,,NC,7020 Brighton Park Dr,28227,US,"['CHADEMO', 'J1772COMBO']",1,,,eVgo Network,https://www.evgo.com/,,,,"{'station': ['714'], 'posts': ['1237']}",
30,public,24 hours daily,KEY_ALWAYS,,2020-10-14,,ELEC,Public - Card key at all times,93400,,,E,BP Highland Creek,877-455-3833,2020-10-14T10:16:05Z,,GPS,35.3726,-80.78433,Charlotte,,,NC,5045 Ridge Rd,28269,US,"['CHADEMO', 'J1772COMBO']",1,,,eVgo Network,https://www.evgo.com/,,,,"{'station': ['717'], 'posts': ['1239']}",
31,public,24 hours daily,KEY_ALWAYS,,2020-10-14,,ELEC,Public - Card key at all times,93401,,,E,BP,877-455-3833,2020-10-14T10:16:05Z,,GPS,35.084032,-80.731712,Matthews,,,NC,3040 Weddington Rd,28105,US,"['CHADEMO', 'J1772COMBO']",1,,,eVgo Network,https://www.evgo.com/,,,,"{'station': ['718'], 'posts': ['1241']}",
32,public,24 hours daily,KEY_ALWAYS,,2020-10-14,,ELEC,Public - Card key at all times,93402,,,E,BP,877-455-3833,2020-10-14T10:16:05Z,,GPS,35.535514,-80.800871,Mooresville,,,NC,1327 Shearers Rd,28115,US,"['CHADEMO', 'J1772COMBO']",1,,,eVgo Network,https://www.evgo.com/,,,,"{'station': ['716'], 'posts': ['1243']}",
33,public,24 hours daily,KEY_ALWAYS,,2020-10-14,,ELEC,Public - Card key at all times,93409,,,E,BP,877-455-3833,2020-10-14T10:16:05Z,,GPS,35.099375,-80.987905,Charlotte,,,NC,12922 Walker Branch Rd,28273,US,"['CHADEMO', 'J1772COMBO']",1,,,eVgo Network,https://www.evgo.com/,,,,"{'station': ['715'], 'posts': ['1257']}",
34,public,24 hours daily,KEY_ALWAYS,,2020-10-14,,ELEC,Public - Card key at all times,93419,,,E,BP,877-455-3833,2020-10-14T10:16:05Z,,GPS,35.336799,-80.962461,Charlotte,,,NC,2211 Vinnies Way,28214,US,"['CHADEMO', 'J1772COMBO']",1,,,eVgo Network,https://www.evgo.com/,,,,"{'station': ['719'], 'posts': ['1277']}",
35,public,24 hours daily,KEY_ALWAYS,,2020-10-14,,ELEC,Public - Card key at all times,93437,,,E,BP,877-455-3833,2020-10-14T10:16:05Z,,GPS,35.250797,-80.656302,Charlotte,,,NC,7910 Cambridge Commons Dr,28215,US,"['CHADEMO', 'J1772COMBO']",1,,,eVgo Network,https://www.evgo.com/,,,,"{'station': ['713'], 'posts': ['1315']}",
36,public,24 hours daily,KEY_ALWAYS,,2020-10-14,,ELEC,Public - Card key at all times,93477,,,E,SouthPark Mall,877-455-3833,2020-10-14T10:16:05Z,,GPS,35.15402,-80.83309,Charlotte,,,NC,4400 Sharon Rd,28211,US,"['CHADEMO', 'J1772', 'J1772COMBO']",1,,2.0,eVgo Network,https://www.evgo.com/,,,,"{'station': ['158'], 'posts': ['1395', '2079', '2080']}",
37,public,24 hours daily,KEY_ALWAYS,,2020-10-14,,ELEC,Public - Card key at all times,93503,,,E,AAA,877-455-3833,2020-10-14T10:16:05Z,,GPS,35.9659,-78.96026,Durham,,,NC,3505 Westgate Dr,27707,US,"['CHADEMO', 'J1772COMBO']",1,,,eVgo Network,https://www.evgo.com/,,,,"{'station': ['200'], 'posts': ['1455']}",
38,public,24 hours daily,KEY_ALWAYS,,2020-10-14,,ELEC,Public - Card key at all times,93505,,,E,AAA,877-455-3833,2020-10-14T10:16:05Z,,GPS,35.95034,-78.53849,Wake Forest,,,NC,11126 Capital Blvd,27587,US,"['CHADEMO', 'J1772COMBO']",1,,,eVgo Network,https://www.evgo.com/,,,,"{'station': ['202'], 'posts': ['1459']}",
39,public,24 hours daily,KEY_ALWAYS,,2020-10-14,,ELEC,Public - Card key at all times,93515,,,E,BP,877-455-3833,2020-10-14T10:16:05Z,,GPS,35.301669,-80.986902,Charlotte,,,NC,221 Mt Holly Huntersville Rd,28214,US,"['CHADEMO', 'J1772COMBO']",1,,,eVgo Network,https://www.evgo.com/,,,,"{'station': ['712'], 'posts': ['1481']}",
40,public,24 hours daily,KEY_ALWAYS,,2020-10-14,,ELEC,Public - Card key at all times,93532,,,E,AAA,877-455-3833,2020-10-14T10:16:05Z,,GPS,35.8002,-78.56228,Raleigh,,,NC,1480 N New Hope Rd,27604,US,"['CHADEMO', 'J1772COMBO']",1,,,eVgo Network,https://www.evgo.com/,,,,"{'station': ['201'], 'posts': ['1521']}",
41,public,24 hours daily,KEY_ALWAYS,,2020-10-14,,ELEC,Public - Card key at all times,93534,,,E,Thomas Ave Public Lot,877-455-3833,2020-10-14T10:16:05Z,,GPS,35.21985,-80.81261,Charlotte,,,NC,1225 Thomas Ave,28205,US,"['CHADEMO', 'J1772COMBO']",1,,,eVgo Network,https://www.evgo.com/,,,,"{'station': ['745'], 'posts': ['1529']}",
42,public,24 hours daily,,,2020-10-14,,ELEC,Public,98895,,,E,Greenlots - DCsArdenNC,855-900-7584,2020-10-14T10:17:11Z,,GPS,35.4661613,-82.5166982,Arden,,,NC,221 Heywood Road arden,28704,US,['CHADEMO'],1,,,Greenlots,http://greenlots.com/,,DC Fast: Free,,"{'posts': ['DCsArdenNC'], 'ports': ['33']}",
43,public,24 hours daily,,,2020-10-14,,ELEC,Public,99648,,,E,FOUR COUNTY EMC,888-758-4389,2020-10-14T09:28:09Z,,GPS,34.756467,-77.9480038,Wallace,MAD BOAR FCEMC; In parking lot across from the Mad Boar restaurant. ,,NC,116 River Village Pl,28466,US,"['CHADEMO', 'J1772COMBO']",2,,,ChargePoint Network,http://www.chargepoint.com/,,Free,,"{'posts': ['1:230861'], 'ports': ['1']}",
55,public,24 hours daily,,,2020-10-14,,ELEC,Public,104489,,,E,FLOWJLR,888-758-4389,2020-10-14T09:28:09Z,,200-8,36.058572,-79.902895,Greensboro,"DC FAST 01
DC FAST 02
SERVICE 1
SHOP 01
SHOP 02
SHOP 03",,NC,1205 Bridford Pkwy,27407,US,"['J1772', 'J1772COMBO']",2,,5.0,ChargePoint Network,http://www.chargepoint.com/,,Free,,"{'posts': ['1:316681', '1:338251', '1:548451', '1:596101', '1:596131', '1:596151'], 'ports': ['1', '2']}",
56,public,24 hours daily,,,2020-10-14,,ELEC,Public,105429,,,E,JLR CHARLOTTE,888-758-4389,2020-10-14T09:28:09Z,,200-8,35.167309,-80.743108,Charlotte,"DC FAST 01
SHOP 01; Station Located In Service Bay",,NC,6940 E Independence Blvd,28212,US,"['J1772', 'J1772COMBO']",1,,1.0,ChargePoint Network,http://www.chargepoint.com/,,Free,,"{'posts': ['1:681771', '1:767461'], 'ports': ['1']}",
57,public,24 hours daily,,,2020-10-14,,ELEC,Public,119005,,,E,RALEIGH STATION,888-758-4389,2020-10-14T09:28:09Z,,200-9,35.88656,-78.56933,Raleigh,"DC FAST 01; -
DC FAST 02; -
SHOP 01; -
SHOP 02; -
STATION 01; -
STATION 02; -",,NC,4005 Capital Hills Dr,27616,US,"['J1772', 'J1772COMBO']",2,,5.0,ChargePoint Network,http://www.chargepoint.com/,,Free,,"{'posts': ['1:730361', '1:772981', '1:776741', '1:787011', '1:787061', '1:790001'], 'ports': ['1', '2']}",
58,public,24 hours daily,,,2020-10-14,,ELEC,Public,121809,,,E,Pleasant Valley Promenade,833-632-2778,2020-10-14T10:22:49Z,,GPS,35.857314,-78.703585,Raleigh,,,NC,6204 Glenwood Ave,27612,US,"['CHADEMO', 'J1772COMBO']",6,,,Electrify America,https://www.electrifyamerica.com/,,,,"{'station': ['173'], 'posts': ['200130-01', '200130-02', '200130-03', '200130-04', '200130-05', '200130-06']}",
60,public,24 hours daily,,,2020-10-14,,ELEC,Public,123770,,,E,"SHEETZ 647- Hillsborough, NC",833-632-2778,2020-10-14T10:22:49Z,,GPS,36.057066,-79.080076,Hillsborough,,,NC,1990 NC 86 S,27278,US,"['CHADEMO', 'J1772COMBO']",4,,,Electrify America,https://www.electrifyamerica.com/,,,,"{'station': ['179'], 'posts': ['100510-01', '100510-02', '100510-03', '100510-04']}",
61,public,24 hours daily,,,2020-10-14,,ELEC,Public,125139,,,E,"Walmart 2134 - Charlotte, NC",833-632-2778,2020-10-14T10:22:49Z,,GPS,35.295553,-80.756552,Charlotte,,,NC,7735 North Tryon Street,28262,US,"['CHADEMO', 'J1772COMBO']",10,,,Electrify America,https://www.electrifyamerica.com/,,,,"{'station': ['252'], 'posts': ['100258-01', '100258-02', '100258-03', '100258-04', '100258-05', '100258-06', '100258-07', '100258-08', '100258-09', '100258-10']}",
62,public,24 hours daily,,,2020-10-14,,ELEC,Public,143164,,,E,FBHDCHARGING,888-758-4389,2020-10-14T09:28:09Z,,GPS,35.078682,-78.95002,Fayetteville,DCFAST HOG,,NC,3950 Sycamore Dairy Rd,28303,US,['J1772COMBO'],1,,,ChargePoint Network,http://www.chargepoint.com/,,Free,,"{'posts': ['1:1862611'], 'ports': ['1']}",
63,public,24 hours daily,,,2020-10-14,,ELEC,Public,143174,,,E,SPEEDWAY HD,888-758-4389,2020-10-14T09:28:09Z,,GPS,35.364433,-80.71057,Concord,DCFAST HOG; Near Front Of Showroom,,NC,10049 Weddington Rd,28027,US,['J1772COMBO'],1,,,ChargePoint Network,http://www.chargepoint.com/,,"Pricing is based on length of time. $0.1 per hour for the first 1 hour, and $0.2 per additional hour",,"{'posts': ['1:1860981'], 'ports': ['1']}",
64,public,24 hours daily,,,2020-10-14,,ELEC,Public,143311,,,E,RIDING HIGH H-D,888-758-4389,2020-10-14T09:28:09Z,,GPS,36.062581,-79.959277,High Point,DCFAST HOG,,NC,3036 NC Hwy 68,27265,US,['J1772COMBO'],1,,,ChargePoint Network,http://www.chargepoint.com/,,Free,,"{'posts': ['1:1835141'], 'ports': ['1']}",
65,public,24 hours daily,,,2020-10-14,,ELEC,Public,143347,,,E,TOBACCOROADHD,888-758-4389,2020-10-14T09:28:09Z,,GPS,35.764973,-78.64961,Raleigh,DCFAST HOG,,NC,1126 S Saunders St,27603,US,['J1772COMBO'],1,,,ChargePoint Network,http://www.chargepoint.com/,,"$0.3 per kWh, minimum payment of $1",,"{'posts': ['1:1827801'], 'ports': ['1']}",
66,public,24 hours daily,,,2020-10-14,,ELEC,Public,147405,,,E,DC FAST CHARGER,888-758-4389,2020-10-14T09:28:09Z,,GPS,35.9348435,-81.5313956,Lenoir,DC FAST CHARGER; Charger may be disabled from 2-7 PM during periods of peak electric demands during the summer.,,NC,100 Cooperative Way,28645,US,"['CHADEMO', 'J1772COMBO']",2,,,ChargePoint Network,http://www.chargepoint.com/,,Pricing is based on time of day. $10 per hour from 2:00 PM to 7:00 PM,,"{'posts': ['1:164533'], 'ports': ['1']}",
67,public,24 hours daily,,,2020-10-14,,ELEC,Public,147587,,,E,CAPE HATTERAS,888-758-4389,2020-10-14T09:28:09Z,,GPS,35.3469903,-75.5035586,Avon,AVON DC FAST; At the Avon Pier/Pangea Tavern parking lot. ,,NC,41001 NC-12,27915,US,"['CHADEMO', 'J1772COMBO']",2,,,ChargePoint Network,http://www.chargepoint.com/,,"Pricing is based on length of time and kWh used. $0 per hour, and $10 per additional hour, $0.27 per kWh",,"{'posts': ['1:1986251'], 'ports': ['1']}",
68,public,24 hours daily,,,2020-10-14,,ELEC,Public,149225,,,E,CENTRAL EMC HQ,888-758-4389,2020-10-14T09:28:09Z,,GPS,35.6232018,-79.0884711,Moncure,DCFC STATION 1; At Jordan Dam Mini Mart at the back right corner of parking lot,,NC,8038 Moncure Pittsboro Rd,27559,US,"['CHADEMO', 'J1772COMBO']",2,,,ChargePoint Network,http://www.chargepoint.com/,,$0.27 per kWh,,"{'posts': ['1:1988361'], 'ports': ['1']}",
72,public,Dealership business hours; contact 919-734-2411 for more information,CALL,,2020-06-09,,ELEC,Public - Call ahead,149475,2019-05-01,P,E,Deacon Jones Nissan,,2020-06-09T16:47:26Z,CAR_DEALER,GPS,35.368612,-77.929719,Goldsboro,,,NC,3305 McLain St,27534,US,"['CHADEMO', 'J1772']",1,,1.0,Non-Networked,,,,,,
75,public,24 hours daily,,,2020-10-14,,ELEC,Public,152049,,,E,WB OFFICE 1,888-758-4389,2020-10-14T09:28:09Z,,GPS,34.955772,-80.05946,Wadesboro,PD DC 1; At Pee Dee Electric in the front parking lot. ,,NC,575 US-52,28170,US,"['CHADEMO', 'J1772COMBO']",2,,,ChargePoint Network,http://www.chargepoint.com/,,"Pricing is based on length of time and kWh used. $0 per hour, and $20 per additional hour, $0.27 per kWh",,"{'posts': ['1:2038641'], 'ports': ['1']}",
76,public,24 hours daily,,,2020-10-14,,ELEC,Public,152884,,,E,BEMC,888-758-4389,2020-10-14T09:28:09Z,,GPS,34.436977,-78.95024,Evergreen,BOARDMAN; In the parking lot of the Sun-Do gas station,,NC,1029 Old Boardman Rd,28438,US,"['CHADEMO', 'J1772COMBO']",2,,,ChargePoint Network,http://www.chargepoint.com/,,"Pricing is based on length of time and kWh used. $0 per hour, and $3.5 per additional hour, $0.27 per kWh",,"{'posts': ['1:2073651'], 'ports': ['1']}",
78,public,24 hours daily,,,2020-10-14,,ELEC,Public,155154,,,E,REVUP1,888-758-4389,2020-10-14T09:28:09Z,,GPS,35.6999074,-79.787618,Asheboro,MCDONALDS ASHBO; At the McDonald’s off of highway 64 near Randolph mall ,,NC,1415 E Dixie Dr,27203,US,"['CHADEMO', 'J1772COMBO']",2,,,ChargePoint Network,http://www.chargepoint.com/,,"Pricing is based on length of time and kWh used. $0 per hour, and $1.75 per additional hour, $0.27 per kWh",,"{'posts': ['1:2630681'], 'ports': ['1']}",
79,public,Dealership business hours,,,2020-06-09,,ELEC,Public,157968,2020-05-15,P,E,Hendrick Chevrolet,919-827-0913,2020-06-09T16:47:26Z,CAR_DEALER,GPS,35.898567,-78.942932,Durham,,,NC,127 Kentington Dr,27713,US,"['J1772', 'J1772COMBO']",1,,4.0,Non-Networked,,,,,,
80,public,24 hours daily,,,2020-08-05,,ELEC,Public,164557,2020-07-24,P,E,Town of Boone Public Parking,828-268-6200,2020-08-05T19:05:18Z,PARKING_LOT,GPS,36.219181,-81.683769,Boone,,,NC,115 N Depot St,28607,US,"['CHADEMO', 'J1772']",1,,1.0,Non-Networked,,,,,,
81,public,24 hours daily,,,2020-08-05,,ELEC,Public,164621,2020-07-29,FG,E,Oconaluftee Visitor Center,,2020-08-05T19:05:18Z,NATL_PARK,GPS,35.5130789898966,-83.3066086769104,Cherokee,,,NC,1194 Newfound Gap Rd,28719,US,"['CHADEMO', 'J1772COMBO']",1,,,Non-Networked,,,,,,"{'id': 16, 'code': 'DOI', 'name': 'Department of the Interior'}"
82,public,24 hours daily,,,2020-10-14,,ELEC,Public,165069,,,E,SYEMC,888-758-4389,2020-10-14T09:28:09Z,,GPS,36.3951824,-80.7852553,Dobson,CIRCLE K FAST; In the Circle K parking lot right off of Highway 77.,,NC,2372 State Rd 1001,27017,US,"['CHADEMO', 'J1772COMBO']",2,,,ChargePoint Network,http://www.chargepoint.com/,,"Pricing is based on length of time and kWh used. $0 per hour, and $3.5 per additional hour, $0.27 per kWh",,"{'posts': ['1:5406021'], 'ports': ['1']}",
83,public,24 hours daily,,,2020-10-14,,ELEC,Public,165373,,,E,Walmart 2256 Henderson,833-632-2778,2020-10-14T10:22:49Z,,GPS,36.334674,-78.442161,Henderson,,,NC,200 N Cooper Drive,27536,US,"['CHADEMO', 'J1772COMBO']",4,,,Electrify America,https://www.electrifyamerica.com/,,,,"{'station': ['61'], 'posts': ['100513-01', '100513-02', '100513-03', '100513-04 ']}",
84,public,24 hours daily,,,2020-10-14,,ELEC,Public,166835,,,E,"Sheetz 504 (Rocky Mount, NC)",833-632-2778,2020-10-14T10:22:49Z,,GPS,35.97208,-77.895654,Rocky Mount,,,NC,157 N Old Carriage Road,27804,US,"['CHADEMO', 'J1772COMBO']",4,,,Electrify America,https://www.electrifyamerica.com/,,,,"{'station': ['178'], 'posts': ['100271-01', '100271-02', '100271-03', '100271-04']}",
85,public,24 hours daily,,,2020-10-14,,ELEC,Public,166854,,,E,HUNTERSVILLE,888-758-4389,2020-10-14T09:28:09Z,,200-8,35.410212,-80.854796,Huntersville,"MARK OIL L2
MARK OIL L3",,NC,101 Statesville Rd,28078,US,"['CHADEMO', 'J1772', 'J1772COMBO']",2,,2.0,ChargePoint Network,http://www.chargepoint.com/,,Free,,"{'posts': ['1:5443931', '1:5444011'], 'ports': ['1', '2']}",
86,public,24 hours daily,,,2020-10-14,,ELEC,Public,166882,,,E,HALIFAX EMC,888-758-4389,2020-10-14T09:28:09Z,,GPS,36.2688794,-77.7239421,Enfield,HALIFAX EMC DC1; Located at Robbies gas station in the parking lot by the gas sign,,NC,23945 NC-561,27823,US,"['CHADEMO', 'J1772COMBO']",2,,,ChargePoint Network,http://www.chargepoint.com/,,"Pricing is based on length of time and kWh used. $0 per hour, and $10 per additional hour, $0.27 per kWh",,"{'posts': ['1:5445361'], 'ports': ['1']}",
87,public,24 hours daily,,,2020-10-14,,ELEC,Public,166988,,,E,"Target 0961 - Cary, NC",833-632-2778,2020-10-14T10:22:49Z,,GPS,35.7586,-78.739225,Cary,,,NC,2021 Walnut Street,20013,US,"['CHADEMO', 'J1772COMBO']",3,,,Electrify America,https://www.electrifyamerica.com/,,,,"{'station': ['117'], 'posts': ['200131-01', '200131-02', '200131-03']}",
88,public,24 hours daily,,,2020-10-14,,ELEC,Public,166989,,,E,"Walmart 5254 - Wake Forest, NC",833-632-2778,2020-10-14T10:22:49Z,,GPS,35.951539,-78.533981,Wake Forest,,,NC,2114 S. Main St.,27587,US,"['CHADEMO', 'J1772', 'J1772COMBO']",3,,1.0,Electrify America,https://www.electrifyamerica.com/,,,,"{'station': ['55'], 'posts': ['200129-01', '200129-02', '200129-03', '200129-50']}",
90,public,24 hours daily,,,2020-10-14,,ELEC,Public,167147,,,E,"Walmart 1155 (Lumberton, NC)",833-632-2778,2020-10-14T10:22:49Z,,GPS,34.665058,-79.006662,Lumberton,,,NC,5070 Fayetteville Road .,28358,US,"['CHADEMO', 'J1772COMBO']",3,,,Electrify America,https://www.electrifyamerica.com/,,,,"{'station': ['386'], 'posts': ['100618-01', '100618-03', '100618-04']}",
91,public,24 hours daily,,,2020-10-14,,ELEC,Public,167166,,,E,"Sam's Club 6452 (Asheville, NC)",833-632-2778,2020-10-14T10:22:49Z,,GPS,35.591191,-82.581595,Asheville,,,NC,645 Patton Ave.,28806,US,"['CHADEMO', 'J1772COMBO']",4,,,Electrify America,https://www.electrifyamerica.com/,,,,"{'station': ['253'], 'posts': ['100054-01', '100054-02', '100054-03', '100054-04']}",
92,public,24 hours daily,,,2020-10-14,,ELEC,Public,167212,,,E,Carolina Premium Outlets,833-632-2778,2020-10-14T10:22:49Z,,GPS,35.508114,-78.315052,Smithfield,,,NC,1025 Outlet Center Drive,27577,US,"['CHADEMO', 'J1772COMBO']",4,,,Electrify America,https://www.electrifyamerica.com/,,,,"{'station': ['336'], 'posts': ['100265-01', '100265-02', '100265-03', '100265-04']}",
93,public,24 hours daily,,,2020-10-14,,ELEC,Public,167269,,,E,"Walmart 5320 - Greensboro, NC",833-632-2778,2020-10-14T10:22:49Z,,GPS,36.003147,-79.798187,Greensboro,,,NC,121 W. Elmsley Street,27406,US,"['CHADEMO', 'J1772COMBO']",7,,,Electrify America,https://www.electrifyamerica.com/,,,,"{'station': ['247'], 'posts': ['100268-01', '100268-02', '100268-03', '100268-05', '100268-06', '100268-07', '100268-08']}",
